[
    {
        "key": "group_59035c324542f",
        "title": "ADHC Setup",
        "fields": [
            {
                "key": "field_59035c3c27d62",
                "label": "Wordpress Basics",
                "name": "wordpress_basics",
                "type": "checkbox",
                "instructions": "",
                "required": 0,
                "conditional_logic": 0,
                "wrapper": {
                    "width": "",
                    "class": "",
                    "id": ""
                },
                "choices": {
                    "wordpress_basics_doc": "Wordpress Basics",
                    "create_post_vid": "Create Posts  Video"
                },
                "allow_custom": 0,
                "save_custom": 0,
                "default_value": [],
                "layout": "vertical",
                "toggle": 0,
                "return_format": "value"
            },
            {
                "key": "field_59035d1686774",
                "label": "Class Rooster",
                "name": "class_rooster",
                "type": "file",
                "instructions": "",
                "required": 0,
                "conditional_logic": 0,
                "wrapper": {
                    "width": "",
                    "class": "",
                    "id": ""
                },
                "return_format": "url",
                "library": "all",
                "min_size": "",
                "max_size": "",
                "mime_types": ""
            }
        ],
        "location": [
            [
                {
                    "param": "options_page",
                    "operator": "==",
                    "value": "adhc-setup-settings"
                }
            ]
        ],
        "menu_order": 0,
        "position": "normal",
        "style": "default",
        "label_placement": "top",
        "instruction_placement": "label",
        "hide_on_screen": "",
        "active": 1,
        "description": ""
    }
]